City,PM2.5,PM10,NO2,SO2,CO,AQI
Delhi,168,292,82,34,1.8,312
Mumbai,76,142,44,18,0.9,156
Hyderabad,64,126,38,15,0.8,132
Bangalore,42,86,29,10,0.6,92
Chennai,58,112,35,13,0.7,118
Kolkata,112,214,58,25,1.3,226
Pune,51,104,32,12,0.7,108
Ahmedabad,128,238,67,29,1.5,258
Jaipur,96,184,51,22,1.1,198
Lucknow,151,278,76,31,1.7,296
Surat,69,136,41,16,0.8,144
Visakhapatnam,47,98,28,11,0.6,101
Nagpur,88,172,49,20,1.0,182
Bhopal,73,148,43,17,0.9,151
Patna,142,264,72,30,1.6,284
Kochi,35,78,24,8,0.5,76
Coimbatore,31,70,21,7,0.4,68
Chandigarh,62,118,36,14,0.7,124
Guwahati,82,158,46,19,0.9,171
Ranchi,103,201,56,24,1.2,214